{"max": [6.019153594970703, 4.316409587860107, 5.7528886795043945], "min": [-1.9336752891540527, -4.4163899421691895, -4.465919494628906], "mean": [0.8711321949958801, -0.0066307648085057735, 0.6429626941680908], "std": [1.2865961790084839, 0.3992979824542999, 1.2765330076217651]}